path,category
/workspace/GTV_Meta_Files/agitatedpersonalities.meta,misc
/workspace/GTV_Meta_Files/agitatedresponses.meta,misc
/workspace/GTV_Meta_Files/agitatedtriggers.meta,trigger
/workspace/GTV_Meta_Files/alternate_accept_cancel.meta,misc
/workspace/GTV_Meta_Files/alternate_duck_handbrake.meta,misc
/workspace/GTV_Meta_Files/ambientaudio.meta,audio
/workspace/GTV_Meta_Files/ambientpedmodelsets.meta,ped
/workspace/GTV_Meta_Files/ap1_03_props.meta,props
/workspace/GTV_Meta_Files/ap1_04_props.meta,props
/workspace/GTV_Meta_Files/apartmentcontentunlocks.meta,content
/workspace/GTV_Meta_Files/areazone_fullmap.meta,misc
/workspace/GTV_Meta_Files/beachcontentunlocks.meta,content
/workspace/GTV_Meta_Files/bh1_05_props.meta,props
/workspace/GTV_Meta_Files/bh1_21_props.meta,props
/workspace/GTV_Meta_Files/bh1_props.meta,props
/workspace/GTV_Meta_Files/branches.meta,misc
/workspace/GTV_Meta_Files/business2contentunlocks.meta,content
/workspace/GTV_Meta_Files/businesscontentunlocks.meta,content
/workspace/GTV_Meta_Files/calibration.meta,misc
/workspace/GTV_Meta_Files/carcols.meta,vehicle
/workspace/GTV_Meta_Files/carcols_gen9.meta,vehicle
/workspace/GTV_Meta_Files/cargens.meta,vehicle
/workspace/GTV_Meta_Files/carmodcols_gen9.meta,vehicle
/workspace/GTV_Meta_Files/carvariations.meta,vehicle
/workspace/GTV_Meta_Files/ch1_01_props.meta,props
/workspace/GTV_Meta_Files/ch1_02_props.meta,props
/workspace/GTV_Meta_Files/ch1_03_props.meta,props
/workspace/GTV_Meta_Files/ch1_04_props.meta,props
/workspace/GTV_Meta_Files/ch1_04b_props.meta,props
/workspace/GTV_Meta_Files/ch1_05_props.meta,props
/workspace/GTV_Meta_Files/ch1_05b_props.meta,props
/workspace/GTV_Meta_Files/ch1_06_props.meta,props
/workspace/GTV_Meta_Files/ch1_06b.meta,misc
/workspace/GTV_Meta_Files/ch1_06b_props.meta,props
/workspace/GTV_Meta_Files/ch1_06c_props.meta,props
/workspace/GTV_Meta_Files/ch1_06d_props.meta,props
/workspace/GTV_Meta_Files/ch1_06e_props.meta,props
/workspace/GTV_Meta_Files/ch1_06f_props.meta,props
/workspace/GTV_Meta_Files/ch1_07_props.meta,props
/workspace/GTV_Meta_Files/ch1_08_props.meta,props
/workspace/GTV_Meta_Files/ch1_09_props.meta,props
/workspace/GTV_Meta_Files/ch1_09b_props.meta,props
/workspace/GTV_Meta_Files/ch1_10_props.meta,props
/workspace/GTV_Meta_Files/ch1_11_props.meta,props
/workspace/GTV_Meta_Files/ch1_12_props.meta,props
/workspace/GTV_Meta_Files/ch1_rdprops.meta,props
/workspace/GTV_Meta_Files/ch2_01_props.meta,props
/workspace/GTV_Meta_Files/ch2_01b_props.meta,props
/workspace/GTV_Meta_Files/ch2_01c_props.meta,props
/workspace/GTV_Meta_Files/ch2_02_props.meta,props
/workspace/GTV_Meta_Files/ch2_02b_props.meta,props
/workspace/GTV_Meta_Files/ch2_03_props.meta,props
/workspace/GTV_Meta_Files/ch2_03b_props.meta,props
/workspace/GTV_Meta_Files/ch2_03c_props.meta,props
/workspace/GTV_Meta_Files/ch2_03d_props.meta,props
/workspace/GTV_Meta_Files/ch2_04_props.meta,props
/workspace/GTV_Meta_Files/ch2_05_props.meta,props
/workspace/GTV_Meta_Files/ch2_05c_props.meta,props
/workspace/GTV_Meta_Files/ch2_07b_props.meta,props
/workspace/GTV_Meta_Files/ch2_08_props.meta,props
/workspace/GTV_Meta_Files/ch2_10_props.meta,props
/workspace/GTV_Meta_Files/ch2_props.meta,props
/workspace/GTV_Meta_Files/ch2_props2.meta,props
/workspace/GTV_Meta_Files/ch2_rdprops.meta,props
/workspace/GTV_Meta_Files/ch3_01_props.meta,props
/workspace/GTV_Meta_Files/ch3_02_props.meta,props
/workspace/GTV_Meta_Files/ch3_03_props.meta,props
/workspace/GTV_Meta_Files/ch3_04_props.meta,props
/workspace/GTV_Meta_Files/ch3_06_props.meta,props
/workspace/GTV_Meta_Files/ch3_07_props.meta,props
/workspace/GTV_Meta_Files/ch3_08_props.meta,props
/workspace/GTV_Meta_Files/ch3_09_props.meta,props
/workspace/GTV_Meta_Files/ch3_10_props.meta,props
/workspace/GTV_Meta_Files/ch3_11_props.meta,props
/workspace/GTV_Meta_Files/ch3_12_props.meta,props
/workspace/GTV_Meta_Files/ch3_13_props.meta,props
/workspace/GTV_Meta_Files/ch3_14_props.meta,props
/workspace/GTV_Meta_Files/ch3_14b_props.meta,props
/workspace/GTV_Meta_Files/ch3_rd1_props.meta,props
/workspace/GTV_Meta_Files/ch3_rd1a_props.meta,props
/workspace/GTV_Meta_Files/ch3_rd2_props.meta,props
/workspace/GTV_Meta_Files/christmas2contentunlocks.meta,content
/workspace/GTV_Meta_Files/christmas3contentunlocks.meta,content
/workspace/GTV_Meta_Files/christmascontentunlocks.meta,content
/workspace/GTV_Meta_Files/combatbehaviour.meta,misc
/workspace/GTV_Meta_Files/common.meta,misc
/workspace/GTV_Meta_Files/common_anim.meta,misc
/workspace/GTV_Meta_Files/common_cutscene.meta,misc
/workspace/GTV_Meta_Files/common_cutscene_fat.meta,misc
/workspace/GTV_Meta_Files/communitystats.meta,misc
/workspace/GTV_Meta_Files/conditionalanims.meta,misc
/workspace/GTV_Meta_Files/contentunlocks.meta,content
/workspace/GTV_Meta_Files/crimeinformation.meta,misc
/workspace/GTV_Meta_Files/crimes.meta,misc
/workspace/GTV_Meta_Files/cs1_07_props.meta,props
/workspace/GTV_Meta_Files/cs1_08.meta,misc
/workspace/GTV_Meta_Files/cs1_08_props.meta,props
/workspace/GTV_Meta_Files/cs1_09_props.meta,props
/workspace/GTV_Meta_Files/cs1_10_props.meta,props
/workspace/GTV_Meta_Files/cs1_11_props.meta,props
/workspace/GTV_Meta_Files/cs1_11b_props.meta,props
/workspace/GTV_Meta_Files/cs1_12_props.meta,props
/workspace/GTV_Meta_Files/cs1_13_props.meta,props
/workspace/GTV_Meta_Files/cs1_14_props.meta,props
/workspace/GTV_Meta_Files/cs1_14b_props.meta,props
/workspace/GTV_Meta_Files/cs1_15_props.meta,props
/workspace/GTV_Meta_Files/cs1_15b_props.meta,props
/workspace/GTV_Meta_Files/cs1_15c_props.meta,props
/workspace/GTV_Meta_Files/cs1_16_props.meta,props
/workspace/GTV_Meta_Files/cs1_rdprops.meta,props
/workspace/GTV_Meta_Files/cs1_rdprops_pb.meta,props
/workspace/GTV_Meta_Files/cs2_01_props.meta,props
/workspace/GTV_Meta_Files/cs2_02_props.meta,props
/workspace/GTV_Meta_Files/cs2_03_props.meta,props
/workspace/GTV_Meta_Files/cs2_04_props.meta,props
/workspace/GTV_Meta_Files/cs2_05_props.meta,props
/workspace/GTV_Meta_Files/cs2_06_props.meta,props
/workspace/GTV_Meta_Files/cs2_06b_props.meta,props
/workspace/GTV_Meta_Files/cs2_06c_props.meta,props
/workspace/GTV_Meta_Files/cs2_08_props.meta,props
/workspace/GTV_Meta_Files/cs2_09_props.meta,props
/workspace/GTV_Meta_Files/cs2_10_props.meta,props
/workspace/GTV_Meta_Files/cs2_11_props.meta,props
/workspace/GTV_Meta_Files/cs2_29_props.meta,props
/workspace/GTV_Meta_Files/cs2_30_props.meta,props
/workspace/GTV_Meta_Files/cs2_rdprops.meta,props
/workspace/GTV_Meta_Files/cs3_01_props.meta,props
/workspace/GTV_Meta_Files/cs3_02_props.meta,props
/workspace/GTV_Meta_Files/cs3_03_props.meta,props
/workspace/GTV_Meta_Files/cs3_04_props.meta,props
/workspace/GTV_Meta_Files/cs3_05_props.meta,props
/workspace/GTV_Meta_Files/cs3_06_props.meta,props
/workspace/GTV_Meta_Files/cs3_07.meta,misc
/workspace/GTV_Meta_Files/cs3_07_props.meta,props
/workspace/GTV_Meta_Files/cs3_08_props.meta,props
/workspace/GTV_Meta_Files/cs3_08b_props.meta,props
/workspace/GTV_Meta_Files/cs3_08c_props.meta,props
/workspace/GTV_Meta_Files/cs3_08d_props.meta,props
/workspace/GTV_Meta_Files/cs3_08e_props.meta,props
/workspace/GTV_Meta_Files/cs3_08f_props.meta,props
/workspace/GTV_Meta_Files/cs3_08g_props.meta,props
/workspace/GTV_Meta_Files/cs4_01_props.meta,props
/workspace/GTV_Meta_Files/cs4_02_props.meta,props
/workspace/GTV_Meta_Files/cs4_03_props.meta,props
/workspace/GTV_Meta_Files/cs4_04_props.meta,props
/workspace/GTV_Meta_Files/cs4_05_props.meta,props
/workspace/GTV_Meta_Files/cs4_09_props.meta,props
/workspace/GTV_Meta_Files/cs4_10_props.meta,props
/workspace/GTV_Meta_Files/cs4_11_props.meta,props
/workspace/GTV_Meta_Files/cs4_12_props.meta,props
/workspace/GTV_Meta_Files/cs4_13_props.meta,props
/workspace/GTV_Meta_Files/cs4_14_props.meta,props
/workspace/GTV_Meta_Files/cs4_rd_props.meta,props
/workspace/GTV_Meta_Files/cs5_1_props.meta,props
/workspace/GTV_Meta_Files/cs5_2_props.meta,props
/workspace/GTV_Meta_Files/cs5_3_props.meta,props
/workspace/GTV_Meta_Files/cs5_4_props.meta,props
/workspace/GTV_Meta_Files/cs5_rd_props.meta,props
/workspace/GTV_Meta_Files/cs6_01_props.meta,props
/workspace/GTV_Meta_Files/cs6_02_props.meta,props
/workspace/GTV_Meta_Files/cs6_03_props.meta,props
/workspace/GTV_Meta_Files/cs6_04.meta,misc
/workspace/GTV_Meta_Files/cs6_04_props.meta,props
/workspace/GTV_Meta_Files/cs6_05_props.meta,props
/workspace/GTV_Meta_Files/cs6_06_props.meta,props
/workspace/GTV_Meta_Files/cs6_08_props.meta,props
/workspace/GTV_Meta_Files/cs6_09_props.meta,props
/workspace/GTV_Meta_Files/cs6_10_props.meta,props
/workspace/GTV_Meta_Files/cs6_rd_props.meta,props
/workspace/GTV_Meta_Files/cs_nervousron_heist.meta,mission
/workspace/GTV_Meta_Files/damages.meta,misc
/workspace/GTV_Meta_Files/de.meta,misc
/workspace/GTV_Meta_Files/default.meta,misc
/workspace/GTV_Meta_Files/defaulttaskdata.meta,misc
/workspace/GTV_Meta_Files/definitions.meta,misc
/workspace/GTV_Meta_Files/deformableobjects.meta,misc
/workspace/GTV_Meta_Files/dialoguecharacters.meta,misc
/workspace/GTV_Meta_Files/dispatch.meta,misc
/workspace/GTV_Meta_Files/dlcscript.meta,misc
/workspace/GTV_Meta_Files/dlctext.meta,misc
/workspace/GTV_Meta_Files/doortuning.meta,misc
/workspace/GTV_Meta_Files/dt1_17_props.meta,props
/workspace/GTV_Meta_Files/dt1_props.meta,props
/workspace/GTV_Meta_Files/dt_additions.meta,misc
/workspace/GTV_Meta_Files/dynamic.meta,misc
/workspace/GTV_Meta_Files/en-gb - united kingdom.meta,misc
/workspace/GTV_Meta_Files/en-gb.meta,misc
/workspace/GTV_Meta_Files/en-us - united states.meta,misc
/workspace/GTV_Meta_Files/en.meta,misc
/workspace/GTV_Meta_Files/es-mx.meta,misc
/workspace/GTV_Meta_Files/es.meta,misc
/workspace/GTV_Meta_Files/events.meta,misc
/workspace/GTV_Meta_Files/explosion.meta,misc
/workspace/GTV_Meta_Files/extratitleupdatedata.meta,misc
/workspace/GTV_Meta_Files/facial_anim_sets.meta,misc
/workspace/GTV_Meta_Files/facial_overlays.meta,misc
/workspace/GTV_Meta_Files/first_person.meta,misc
/workspace/GTV_Meta_Files/first_person_alternates.meta,misc
/workspace/GTV_Meta_Files/fixed.meta,misc
/workspace/GTV_Meta_Files/fr.meta,misc
/workspace/GTV_Meta_Files/fwy_01_props.meta,props
/workspace/GTV_Meta_Files/fwy_02_props.meta,props
/workspace/GTV_Meta_Files/fwy_03_props.meta,props
/workspace/GTV_Meta_Files/gamepad.meta,misc
/workspace/GTV_Meta_Files/garages.meta,misc
/workspace/GTV_Meta_Files/gen9_exclusive_assets_peds.meta,ped
/workspace/GTV_Meta_Files/gen9_exclusive_assets_vehicles.meta,vehicle
/workspace/GTV_Meta_Files/gestures.meta,misc
/workspace/GTV_Meta_Files/gta5.meta,misc
/workspace/GTV_Meta_Files/gtxd.meta,misc
/workspace/GTV_Meta_Files/halloweencontentunlocks.meta,content
/workspace/GTV_Meta_Files/handling.meta,misc
/workspace/GTV_Meta_Files/heistcontentunlocks.meta,content
/workspace/GTV_Meta_Files/hipstercontentunlocks.meta,content
/workspace/GTV_Meta_Files/homings.meta,misc
/workspace/GTV_Meta_Files/hw1_01_props.meta,props
/workspace/GTV_Meta_Files/hw1_02_props.meta,props
/workspace/GTV_Meta_Files/hw1_07_props.meta,props
/workspace/GTV_Meta_Files/hw1_08_props.meta,props
/workspace/GTV_Meta_Files/hw1_09_props.meta,props
/workspace/GTV_Meta_Files/hw1_13_props.meta,props
/workspace/GTV_Meta_Files/hw1_18_props.meta,props
/workspace/GTV_Meta_Files/hw1_19_props.meta,props
/workspace/GTV_Meta_Files/hw1_props.meta,props
/workspace/GTV_Meta_Files/id1_04_props.meta,props
/workspace/GTV_Meta_Files/id1_07_props.meta,props
/workspace/GTV_Meta_Files/id1_17_props.meta,props
/workspace/GTV_Meta_Files/id1_props.meta,props
/workspace/GTV_Meta_Files/id2_04_props.meta,props
/workspace/GTV_Meta_Files/id2_10_props.meta,props
/workspace/GTV_Meta_Files/id2_13_props.meta,props
/workspace/GTV_Meta_Files/id2_props.meta,props
/workspace/GTV_Meta_Files/id2_propsb.meta,props
/workspace/GTV_Meta_Files/ig_nervousron_heist.meta,mission
/workspace/GTV_Meta_Files/images.meta,misc
/workspace/GTV_Meta_Files/impulses.meta,misc
/workspace/GTV_Meta_Files/independencecontentunlocks.meta,content
/workspace/GTV_Meta_Files/interiorproxies.meta,misc
/workspace/GTV_Meta_Files/interrelations.meta,misc
/workspace/GTV_Meta_Files/inverted_mouse.meta,misc
/workspace/GTV_Meta_Files/inverted_mouse_vehicle_fly_centered.meta,vehicle
/workspace/GTV_Meta_Files/inverted_mouse_vehicle_fly_centered_xy_swapped.meta,vehicle
/workspace/GTV_Meta_Files/inverted_mouse_vehicle_fly_scaled.meta,vehicle
/workspace/GTV_Meta_Files/inverted_mouse_vehicle_fly_scaled_xy_swapped.meta,vehicle
/workspace/GTV_Meta_Files/inverted_mouse_vehicle_sub_centered.meta,vehicle
/workspace/GTV_Meta_Files/inverted_mouse_vehicle_sub_scaled.meta,vehicle
/workspace/GTV_Meta_Files/islandhopper.meta,misc
/workspace/GTV_Meta_Files/it.meta,misc
/workspace/GTV_Meta_Files/ja.meta,misc
/workspace/GTV_Meta_Files/january2016contentunlocks.meta,content
/workspace/GTV_Meta_Files/ko.meta,misc
/workspace/GTV_Meta_Files/kt1_05_props.meta,props
/workspace/GTV_Meta_Files/kt1_08_props.meta,props
/workspace/GTV_Meta_Files/kt1_props.meta,props
/workspace/GTV_Meta_Files/ladders.meta,misc
/workspace/GTV_Meta_Files/loadouts.meta,misc
/workspace/GTV_Meta_Files/lowrider2contentunlocks.meta,content
/workspace/GTV_Meta_Files/lowridercontentunlocks.meta,content
/workspace/GTV_Meta_Files/ltscontentunlocks.meta,content
/workspace/GTV_Meta_Files/luxe2contentunlocks.meta,content
/workspace/GTV_Meta_Files/luxecontentunlocks.meta,content
/workspace/GTV_Meta_Files/mapzoomdata.meta,misc
/workspace/GTV_Meta_Files/mediadecodersettings.meta,misc
/workspace/GTV_Meta_Files/missioncreatordata.meta,mission
/workspace/GTV_Meta_Files/motiontaskdata.meta,misc
/workspace/GTV_Meta_Files/motivations.meta,misc
/workspace/GTV_Meta_Files/mouse_vehicle_car_centered.meta,vehicle
/workspace/GTV_Meta_Files/mouse_vehicle_car_scaled.meta,vehicle
/workspace/GTV_Meta_Files/mouse_vehicle_fly_centered.meta,vehicle
/workspace/GTV_Meta_Files/mouse_vehicle_fly_centered_xy_swapped.meta,vehicle
/workspace/GTV_Meta_Files/mouse_vehicle_fly_scaled.meta,vehicle
/workspace/GTV_Meta_Files/mouse_vehicle_fly_scaled_xy_swapped.meta,vehicle
/workspace/GTV_Meta_Files/mouse_vehicle_sub_centered.meta,vehicle
/workspace/GTV_Meta_Files/mouse_vehicle_sub_scaled.meta,vehicle
/workspace/GTV_Meta_Files/mp2023_01_additions.meta,misc
/workspace/GTV_Meta_Files/mp_f_freemode_01_airraces_shop.meta,shop
/workspace/GTV_Meta_Files/mp_f_freemode_01_assault_shop.meta,shop
/workspace/GTV_Meta_Files/mp_f_freemode_01_beach_shop.meta,shop
/workspace/GTV_Meta_Files/mp_f_freemode_01_biker_shop.meta,shop
/workspace/GTV_Meta_Files/mp_f_freemode_01_business2_shop.meta,shop
/workspace/GTV_Meta_Files/mp_f_freemode_01_business_shop.meta,shop
/workspace/GTV_Meta_Files/mp_f_freemode_01_christmas2017_shop.meta,shop
/workspace/GTV_Meta_Files/mp_f_freemode_01_executive_shop.meta,shop
/workspace/GTV_Meta_Files/mp_f_freemode_01_female_apt01.meta,misc
/workspace/GTV_Meta_Files/mp_f_freemode_01_female_xmas.meta,misc
/workspace/GTV_Meta_Files/mp_f_freemode_01_female_xmas2.meta,misc
/workspace/GTV_Meta_Files/mp_f_freemode_01_gunrunning_hair_shop.meta,shop
/workspace/GTV_Meta_Files/mp_f_freemode_01_gunrunning_shop.meta,shop
/workspace/GTV_Meta_Files/mp_f_freemode_01_halloween_shop.meta,shop
/workspace/GTV_Meta_Files/mp_f_freemode_01_heist_shop.meta,shop
/workspace/GTV_Meta_Files/mp_f_freemode_01_hipster_shop.meta,shop
/workspace/GTV_Meta_Files/mp_f_freemode_01_impexp_shop.meta,shop
/workspace/GTV_Meta_Files/mp_f_freemode_01_independence_shop.meta,shop
/workspace/GTV_Meta_Files/mp_f_freemode_01_lowrider2_shop.meta,shop
/workspace/GTV_Meta_Files/mp_f_freemode_01_lowrider_shop.meta,shop
/workspace/GTV_Meta_Files/mp_f_freemode_01_luxe2_shop.meta,shop
/workspace/GTV_Meta_Files/mp_f_freemode_01_luxe_shop.meta,shop
/workspace/GTV_Meta_Files/mp_f_freemode_01_mp2023_01_shop.meta,shop
/workspace/GTV_Meta_Files/mp_f_freemode_01_mp2023_02_shop.meta,shop
/workspace/GTV_Meta_Files/mp_f_freemode_01_mp2024_01_shop.meta,shop
/workspace/GTV_Meta_Files/mp_f_freemode_01_mp2024_02_shop.meta,shop
/workspace/GTV_Meta_Files/mp_f_freemode_01_mp2025_01_shop.meta,shop
/workspace/GTV_Meta_Files/mp_f_freemode_01_mpbattle_shop.meta,shop
/workspace/GTV_Meta_Files/mp_f_freemode_01_mpchristmas2018_shop.meta,shop
/workspace/GTV_Meta_Files/mp_f_freemode_01_mpchristmas3_shop.meta,shop
/workspace/GTV_Meta_Files/mp_f_freemode_01_mpg9ec_shop.meta,shop
/workspace/GTV_Meta_Files/mp_f_freemode_01_mpheist3_shop.meta,shop
/workspace/GTV_Meta_Files/mp_f_freemode_01_mpheist4_shop.meta,shop
/workspace/GTV_Meta_Files/mp_f_freemode_01_mpjanuary2016.meta,misc
/workspace/GTV_Meta_Files/mp_f_freemode_01_mplts_shop.meta,shop
/workspace/GTV_Meta_Files/mp_f_freemode_01_mpsecurity_shop.meta,shop
/workspace/GTV_Meta_Files/mp_f_freemode_01_mpsum2_g9ec_shop.meta,shop
/workspace/GTV_Meta_Files/mp_f_freemode_01_mpsum2_shop.meta,shop
/workspace/GTV_Meta_Files/mp_f_freemode_01_mpsum_shop.meta,shop
/workspace/GTV_Meta_Files/mp_f_freemode_01_mptuner_shop.meta,shop
/workspace/GTV_Meta_Files/mp_f_freemode_01_mpvalentines2.meta,misc
/workspace/GTV_Meta_Files/mp_f_freemode_01_mpvinewood_shop.meta,shop
/workspace/GTV_Meta_Files/mp_f_freemode_01_mpxmas_604490.meta,misc
/workspace/GTV_Meta_Files/mp_f_freemode_01_pilot_shop.meta,shop
/workspace/GTV_Meta_Files/mp_f_freemode_01_replay_shop.meta,shop
/workspace/GTV_Meta_Files/mp_f_freemode_01_smuggler_shop.meta,shop
/workspace/GTV_Meta_Files/mp_f_freemode_01_stunt_shop.meta,shop
/workspace/GTV_Meta_Files/mp_f_freemode_01_valentines_shop.meta,shop
/workspace/GTV_Meta_Files/mp_first_person.meta,misc
/workspace/GTV_Meta_Files/mp_m_freemode_01_airraces_shop.meta,shop
/workspace/GTV_Meta_Files/mp_m_freemode_01_assault_shop.meta,shop
/workspace/GTV_Meta_Files/mp_m_freemode_01_beach_shop.meta,shop
/workspace/GTV_Meta_Files/mp_m_freemode_01_biker_shop.meta,shop
/workspace/GTV_Meta_Files/mp_m_freemode_01_business2_shop.meta,shop
/workspace/GTV_Meta_Files/mp_m_freemode_01_business_shop.meta,shop
/workspace/GTV_Meta_Files/mp_m_freemode_01_christmas2017_shop.meta,shop
/workspace/GTV_Meta_Files/mp_m_freemode_01_executive_shop.meta,shop
/workspace/GTV_Meta_Files/mp_m_freemode_01_gunrunning_hair_shop.meta,shop
/workspace/GTV_Meta_Files/mp_m_freemode_01_gunrunning_shop.meta,shop
/workspace/GTV_Meta_Files/mp_m_freemode_01_halloween_shop.meta,shop
/workspace/GTV_Meta_Files/mp_m_freemode_01_heist_shop.meta,shop
/workspace/GTV_Meta_Files/mp_m_freemode_01_hipster_shop.meta,shop
/workspace/GTV_Meta_Files/mp_m_freemode_01_impexp_shop.meta,shop
/workspace/GTV_Meta_Files/mp_m_freemode_01_independence_shop.meta,shop
/workspace/GTV_Meta_Files/mp_m_freemode_01_lowrider2_shop.meta,shop
/workspace/GTV_Meta_Files/mp_m_freemode_01_lowrider_shop.meta,shop
/workspace/GTV_Meta_Files/mp_m_freemode_01_luxe2_shop.meta,shop
/workspace/GTV_Meta_Files/mp_m_freemode_01_luxe_shop.meta,shop
/workspace/GTV_Meta_Files/mp_m_freemode_01_male_apt01.meta,misc
/workspace/GTV_Meta_Files/mp_m_freemode_01_male_xmas.meta,misc
/workspace/GTV_Meta_Files/mp_m_freemode_01_male_xmas2.meta,misc
/workspace/GTV_Meta_Files/mp_m_freemode_01_mp2023_01_shop.meta,shop
/workspace/GTV_Meta_Files/mp_m_freemode_01_mp2023_02_shop.meta,shop
/workspace/GTV_Meta_Files/mp_m_freemode_01_mp2024_01_shop.meta,shop
/workspace/GTV_Meta_Files/mp_m_freemode_01_mp2024_02_shop.meta,shop
/workspace/GTV_Meta_Files/mp_m_freemode_01_mp2025_01_shop.meta,shop
/workspace/GTV_Meta_Files/mp_m_freemode_01_mpbattle_shop.meta,shop
/workspace/GTV_Meta_Files/mp_m_freemode_01_mpchristmas2018_shop.meta,shop
/workspace/GTV_Meta_Files/mp_m_freemode_01_mpchristmas3_shop.meta,shop
/workspace/GTV_Meta_Files/mp_m_freemode_01_mpg9ec_shop.meta,shop
/workspace/GTV_Meta_Files/mp_m_freemode_01_mpheist3_shop.meta,shop
/workspace/GTV_Meta_Files/mp_m_freemode_01_mpheist4_shop.meta,shop
/workspace/GTV_Meta_Files/mp_m_freemode_01_mpjanuary2016.meta,misc
/workspace/GTV_Meta_Files/mp_m_freemode_01_mplts_shop.meta,shop
/workspace/GTV_Meta_Files/mp_m_freemode_01_mpsecurity_shop.meta,shop
/workspace/GTV_Meta_Files/mp_m_freemode_01_mpsum2_g9ec_shop.meta,shop
/workspace/GTV_Meta_Files/mp_m_freemode_01_mpsum2_shop.meta,shop
/workspace/GTV_Meta_Files/mp_m_freemode_01_mpsum_shop.meta,shop
/workspace/GTV_Meta_Files/mp_m_freemode_01_mptuner_shop.meta,shop
/workspace/GTV_Meta_Files/mp_m_freemode_01_mpvalentines2.meta,misc
/workspace/GTV_Meta_Files/mp_m_freemode_01_mpvinewood_shop.meta,shop
/workspace/GTV_Meta_Files/mp_m_freemode_01_mpxmas_604490.meta,misc
/workspace/GTV_Meta_Files/mp_m_freemode_01_pilot_shop.meta,shop
/workspace/GTV_Meta_Files/mp_m_freemode_01_replay_shop.meta,shop
/workspace/GTV_Meta_Files/mp_m_freemode_01_smuggler_shop.meta,shop
/workspace/GTV_Meta_Files/mp_m_freemode_01_stunt_shop.meta,shop
/workspace/GTV_Meta_Files/mp_m_freemode_01_valentines_shop.meta,shop
/workspace/GTV_Meta_Files/mph4_airp.meta,misc
/workspace/GTV_Meta_Files/mph4_bchp.meta,misc
/workspace/GTV_Meta_Files/mph4_dockp.meta,misc
/workspace/GTV_Meta_Files/mph4_manp.meta,misc
/workspace/GTV_Meta_Files/mph4_ne_p.meta,misc
/workspace/GTV_Meta_Files/mph4_nw_p.meta,misc
/workspace/GTV_Meta_Files/mph4_se_p.meta,misc
/workspace/GTV_Meta_Files/mph4_sw_p.meta,misc
/workspace/GTV_Meta_Files/mph4_ter02p.meta,misc
/workspace/GTV_Meta_Files/mph4_ter03p.meta,misc
/workspace/GTV_Meta_Files/mph4_ter04p.meta,misc
/workspace/GTV_Meta_Files/mph4_ter05p.meta,misc
/workspace/GTV_Meta_Files/mph4_ter06p.meta,misc
/workspace/GTV_Meta_Files/mph4_wtow.meta,misc
/workspace/GTV_Meta_Files/navcapabilities.meta,misc
/workspace/GTV_Meta_Files/networkdefs.meta,misc
/workspace/GTV_Meta_Files/networkshop.meta,shop
/workspace/GTV_Meta_Files/nm_blend_out_sets.meta,misc
/workspace/GTV_Meta_Files/noisetuning.meta,misc
/workspace/GTV_Meta_Files/ondemandpartitions.meta,misc
/workspace/GTV_Meta_Files/pausemenueffects.meta,misc
/workspace/GTV_Meta_Files/ped_skin_tones.meta,ped
/workspace/GTV_Meta_Files/pedaccuracy.meta,ped
/workspace/GTV_Meta_Files/pedalternatevariations.meta,ped
/workspace/GTV_Meta_Files/pedbrawlingstyle.meta,ped
/workspace/GTV_Meta_Files/pedcomponentcloth.meta,ped
/workspace/GTV_Meta_Files/pedcomponentsets.meta,ped
/workspace/GTV_Meta_Files/pedhealth.meta,ped
/workspace/GTV_Meta_Files/pediksettings.meta,ped
/workspace/GTV_Meta_Files/pedperception.meta,ped
/workspace/GTV_Meta_Files/pedpersonality.meta,ped
/workspace/GTV_Meta_Files/peds.meta,ped
/workspace/GTV_Meta_Files/pickups.meta,misc
/workspace/GTV_Meta_Files/pilotcontentunlocks.meta,content
/workspace/GTV_Meta_Files/pl.meta,misc
/workspace/GTV_Meta_Files/player_two_trevor_heist_shop.meta,shop
/workspace/GTV_Meta_Files/playerswitch.meta,misc
/workspace/GTV_Meta_Files/playerswitchestablishingshots.meta,misc
/workspace/GTV_Meta_Files/plg_01_props.meta,props
/workspace/GTV_Meta_Files/plg_03_props.meta,props
/workspace/GTV_Meta_Files/plg_04_props.meta,props
/workspace/GTV_Meta_Files/plg_05_props.meta,props
/workspace/GTV_Meta_Files/plg_06_props.meta,props
/workspace/GTV_Meta_Files/po1_01_props.meta,props
/workspace/GTV_Meta_Files/po1_02_props.meta,props
/workspace/GTV_Meta_Files/po1_03_props.meta,props
/workspace/GTV_Meta_Files/po1_04_props.meta,props
/workspace/GTV_Meta_Files/po1_05_props.meta,props
/workspace/GTV_Meta_Files/po1_06_props.meta,props
/workspace/GTV_Meta_Files/po1_07_props.meta,props
/workspace/GTV_Meta_Files/po1_08_props.meta,props
/workspace/GTV_Meta_Files/po1_09.meta,misc
/workspace/GTV_Meta_Files/po1_09_props.meta,props
/workspace/GTV_Meta_Files/po1_10_props.meta,props
/workspace/GTV_Meta_Files/po1_sh1_props.meta,props
/workspace/GTV_Meta_Files/presets.meta,misc
/workspace/GTV_Meta_Files/procedural.meta,misc
/workspace/GTV_Meta_Files/propsets.meta,props
/workspace/GTV_Meta_Files/pt-pt.meta,misc
/workspace/GTV_Meta_Files/pt.meta,misc
/workspace/GTV_Meta_Files/ptfxassetinfo.meta,misc
/workspace/GTV_Meta_Files/replaycontentunlocks.meta,content
/workspace/GTV_Meta_Files/replayfx.meta,misc
/workspace/GTV_Meta_Files/results.meta,misc
/workspace/GTV_Meta_Files/ru.meta,misc
/workspace/GTV_Meta_Files/rumbleprofiles.meta,misc
/workspace/GTV_Meta_Files/rumbles.meta,misc
/workspace/GTV_Meta_Files/sc1_02_tuner_.meta,misc
/workspace/GTV_Meta_Files/sc1_11_props.meta,props
/workspace/GTV_Meta_Files/sc1_12_props.meta,props
/workspace/GTV_Meta_Files/sc1_15_props.meta,props
/workspace/GTV_Meta_Files/sc1_props.meta,props
/workspace/GTV_Meta_Files/sc1_rd_props.meta,props
/workspace/GTV_Meta_Files/scenarios.meta,misc
/workspace/GTV_Meta_Files/scenariotriggers.meta,trigger
/workspace/GTV_Meta_Files/scriptedguntasks.meta,misc
/workspace/GTV_Meta_Files/scriptmetadata.meta,misc
/workspace/GTV_Meta_Files/settings.meta,misc
/workspace/GTV_Meta_Files/shop_tattoo.meta,shop
/workspace/GTV_Meta_Files/shop_vehicle.meta,vehicle
/workspace/GTV_Meta_Files/shop_weapon.meta,weapon
/workspace/GTV_Meta_Files/sm_06.meta,misc
/workspace/GTV_Meta_Files/sm_props.meta,props
/workspace/GTV_Meta_Files/southpaw.meta,misc
/workspace/GTV_Meta_Files/southpaw_fps.meta,misc
/workspace/GTV_Meta_Files/southpaw_fps_alternate.meta,misc
/workspace/GTV_Meta_Files/southpaw_scripted.meta,misc
/workspace/GTV_Meta_Files/southpaw_tps.meta,misc
/workspace/GTV_Meta_Files/southpaw_trigger_swap.meta,trigger
/workspace/GTV_Meta_Files/southpaw_trigger_swap_fps.meta,trigger
/workspace/GTV_Meta_Files/southpaw_trigger_swap_fps_alternate.meta,trigger
/workspace/GTV_Meta_Files/southpaw_trigger_swap_scripted.meta,trigger
/workspace/GTV_Meta_Files/southpaw_trigger_swap_tps.meta,trigger
/workspace/GTV_Meta_Files/sp1_props.meta,props
/workspace/GTV_Meta_Files/sp1_rd_props.meta,props
/workspace/GTV_Meta_Files/sp_first_person.meta,misc
/workspace/GTV_Meta_Files/sp_manifest.meta,misc
/workspace/GTV_Meta_Files/srllist.meta,misc
/workspace/GTV_Meta_Files/ss1_props.meta,props
/workspace/GTV_Meta_Files/standard.meta,misc
/workspace/GTV_Meta_Files/standard_accept_cancel.meta,misc
/workspace/GTV_Meta_Files/standard_duck_handbrake.meta,misc
/workspace/GTV_Meta_Files/standard_fps.meta,misc
/workspace/GTV_Meta_Files/standard_fps_alternate.meta,misc
/workspace/GTV_Meta_Files/standard_mouse.meta,misc
/workspace/GTV_Meta_Files/standard_scripted.meta,misc
/workspace/GTV_Meta_Files/standard_tps.meta,misc
/workspace/GTV_Meta_Files/stealth_kills.meta,misc
/workspace/GTV_Meta_Files/strike_bones.meta,misc
/workspace/GTV_Meta_Files/stripped.meta,ped
/workspace/GTV_Meta_Files/taskdata.meta,misc
/workspace/GTV_Meta_Files/tcinstbox_insts.meta,misc
/workspace/GTV_Meta_Files/tcinstbox_types.meta,misc
/workspace/GTV_Meta_Files/textpatch.meta,misc
/workspace/GTV_Meta_Files/tint_data.meta,misc
/workspace/GTV_Meta_Files/trigger_effect_data.meta,trigger
/workspace/GTV_Meta_Files/trigger_swap.meta,trigger
/workspace/GTV_Meta_Files/trigger_swap_fps.meta,trigger
/workspace/GTV_Meta_Files/trigger_swap_fps_alternate.meta,trigger
/workspace/GTV_Meta_Files/trigger_swap_scripted.meta,trigger
/workspace/GTV_Meta_Files/trigger_swap_tps.meta,trigger
/workspace/GTV_Meta_Files/trigger_vibration_effect_data.meta,trigger
/workspace/GTV_Meta_Files/tunableobjects.meta,misc
/workspace/GTV_Meta_Files/uiscenes.meta,misc
/workspace/GTV_Meta_Files/upgradecontentunlocks.meta,content
/workspace/GTV_Meta_Files/urban1.meta,misc
/workspace/GTV_Meta_Files/urban2.meta,misc
/workspace/GTV_Meta_Files/urban3.meta,misc
/workspace/GTV_Meta_Files/urban4.meta,misc
/workspace/GTV_Meta_Files/urban5.meta,misc
/workspace/GTV_Meta_Files/valentinecontentunlocks.meta,content
/workspace/GTV_Meta_Files/valentines2contentunlocks.meta,content
/workspace/GTV_Meta_Files/vb_09_props.meta,props
/workspace/GTV_Meta_Files/vb_10_props.meta,props
/workspace/GTV_Meta_Files/vb_18_props.meta,props
/workspace/GTV_Meta_Files/vb_34.meta,misc
/workspace/GTV_Meta_Files/vb_34_props.meta,props
/workspace/GTV_Meta_Files/vb_35_props.meta,props
/workspace/GTV_Meta_Files/vb_36_props.meta,props
/workspace/GTV_Meta_Files/vb_props.meta,props
/workspace/GTV_Meta_Files/vehicleaihandlinginfo.meta,vehicle
/workspace/GTV_Meta_Files/vehiclelayouts.meta,vehicle
/workspace/GTV_Meta_Files/vehiclelayouts_apc.meta,vehicle
/workspace/GTV_Meta_Files/vehiclelayouts_avisa.meta,vehicle
/workspace/GTV_Meta_Files/vehiclelayouts_bruiser.meta,vehicle
/workspace/GTV_Meta_Files/vehiclelayouts_dune3.meta,vehicle
/workspace/GTV_Meta_Files/vehiclelayouts_formula.meta,vehicle
/workspace/GTV_Meta_Files/vehiclelayouts_halftrack.meta,vehicle
/workspace/GTV_Meta_Files/vehiclelayouts_insurgent.meta,vehicle
/workspace/GTV_Meta_Files/vehiclelayouts_issi4.meta,vehicle
/workspace/GTV_Meta_Files/vehiclelayouts_longfin.meta,vehicle
/workspace/GTV_Meta_Files/vehiclelayouts_menacer.meta,vehicle
/workspace/GTV_Meta_Files/vehiclelayouts_monster3.meta,vehicle
/workspace/GTV_Meta_Files/vehiclelayouts_patrolboat.meta,vehicle
/workspace/GTV_Meta_Files/vehiclelayouts_phantombull.meta,vehicle
/workspace/GTV_Meta_Files/vehiclelayouts_rrocket.meta,vehicle
/workspace/GTV_Meta_Files/vehiclelayouts_s80.meta,vehicle
/workspace/GTV_Meta_Files/vehiclelayouts_scarab.meta,vehicle
/workspace/GTV_Meta_Files/vehiclelayouts_trailer.meta,vehicle
/workspace/GTV_Meta_Files/vehiclelayouts_valkyrie.meta,vehicle
/workspace/GTV_Meta_Files/vehiclelayouts_wastelander.meta,vehicle
/workspace/GTV_Meta_Files/vehiclelayouts_zhaba.meta,vehicle
/workspace/GTV_Meta_Files/vehiclemodelsets.meta,vehicle
/workspace/GTV_Meta_Files/vehicles.meta,vehicle
/workspace/GTV_Meta_Files/vehicleweapon_jb700.meta,weapon
/workspace/GTV_Meta_Files/vehicleweapon_rctank.meta,weapon
/workspace/GTV_Meta_Files/vehicleweapon_waterbomb.meta,weapon
/workspace/GTV_Meta_Files/vehicleweapons.meta,weapon
/workspace/GTV_Meta_Files/vehicleweapons_akula.meta,weapon
/workspace/GTV_Meta_Files/vehicleweapons_annihilator2.meta,weapon
/workspace/GTV_Meta_Files/vehicleweapons_apc.meta,weapon
/workspace/GTV_Meta_Files/vehicleweapons_avenger.meta,weapon
/workspace/GTV_Meta_Files/vehicleweapons_avenger3.meta,weapon
/workspace/GTV_Meta_Files/vehicleweapons_barrage.meta,weapon
/workspace/GTV_Meta_Files/vehicleweapons_bombs.meta,weapon
/workspace/GTV_Meta_Files/vehicleweapons_bombushka.meta,weapon
/workspace/GTV_Meta_Files/vehicleweapons_bruiser.meta,weapon
/workspace/GTV_Meta_Files/vehicleweapons_caracara.meta,weapon
/workspace/GTV_Meta_Files/vehicleweapons_chernobog.meta,weapon
/workspace/GTV_Meta_Files/vehicleweapons_conada2.meta,weapon
/workspace/GTV_Meta_Files/vehicleweapons_deathbike.meta,weapon
/workspace/GTV_Meta_Files/vehicleweapons_deluxo.meta,weapon
/workspace/GTV_Meta_Files/vehicleweapons_dinghy5.meta,weapon
/workspace/GTV_Meta_Files/vehicleweapons_dogfight.meta,weapon
/workspace/GTV_Meta_Files/vehicleweapons_dune3.meta,weapon
/workspace/GTV_Meta_Files/vehicleweapons_duster2.meta,weapon
/workspace/GTV_Meta_Files/vehicleweapons_flame.meta,weapon
/workspace/GTV_Meta_Files/vehicleweapons_hacker.meta,weapon
/workspace/GTV_Meta_Files/vehicleweapons_halftrack.meta,weapon
/workspace/GTV_Meta_Files/vehicleweapons_havok.meta,weapon
/workspace/GTV_Meta_Files/vehicleweapons_hunter.meta,weapon
/workspace/GTV_Meta_Files/vehicleweapons_ignus2.meta,weapon
/workspace/GTV_Meta_Files/vehicleweapons_issi4.meta,weapon
/workspace/GTV_Meta_Files/vehicleweapons_khanjali.meta,weapon
/workspace/GTV_Meta_Files/vehicleweapons_menacer.meta,weapon
/workspace/GTV_Meta_Files/vehicleweapons_microlight.meta,weapon
/workspace/GTV_Meta_Files/vehicleweapons_mine.meta,weapon
/workspace/GTV_Meta_Files/vehicleweapons_mines.meta,weapon
/workspace/GTV_Meta_Files/vehicleweapons_mines_rc.meta,weapon
/workspace/GTV_Meta_Files/vehicleweapons_mogul.meta,weapon
/workspace/GTV_Meta_Files/vehicleweapons_monster3.meta,weapon
/workspace/GTV_Meta_Files/vehicleweapons_mortar.meta,weapon
/workspace/GTV_Meta_Files/vehicleweapons_mule4.meta,weapon
/workspace/GTV_Meta_Files/vehicleweapons_oppressor.meta,weapon
/workspace/GTV_Meta_Files/vehicleweapons_oppressor2.meta,weapon
/workspace/GTV_Meta_Files/vehicleweapons_paragon2.meta,weapon
/workspace/GTV_Meta_Files/vehicleweapons_patrolboat.meta,weapon
/workspace/GTV_Meta_Files/vehicleweapons_pounder2.meta,weapon
/workspace/GTV_Meta_Files/vehicleweapons_raiju.meta,weapon
/workspace/GTV_Meta_Files/vehicleweapons_rogue.meta,weapon
/workspace/GTV_Meta_Files/vehicleweapons_scarab.meta,weapon
/workspace/GTV_Meta_Files/vehicleweapons_scramjet.meta,weapon
/workspace/GTV_Meta_Files/vehicleweapons_seabreeze.meta,weapon
/workspace/GTV_Meta_Files/vehicleweapons_seasparrow2.meta,weapon
/workspace/GTV_Meta_Files/vehicleweapons_security.meta,weapon
/workspace/GTV_Meta_Files/vehicleweapons_speedo4.meta,weapon
/workspace/GTV_Meta_Files/vehicleweapons_streamer216.meta,weapon
/workspace/GTV_Meta_Files/vehicleweapons_strikeforce.meta,weapon
/workspace/GTV_Meta_Files/vehicleweapons_stromberg.meta,weapon
/workspace/GTV_Meta_Files/vehicleweapons_submarine.meta,weapon
/workspace/GTV_Meta_Files/vehicleweapons_tampa3.meta,weapon
/workspace/GTV_Meta_Files/vehicleweapons_thruster.meta,weapon
/workspace/GTV_Meta_Files/vehicleweapons_titan2.meta,weapon
/workspace/GTV_Meta_Files/vehicleweapons_trailer.meta,weapon
/workspace/GTV_Meta_Files/vehicleweapons_tula.meta,weapon
/workspace/GTV_Meta_Files/vehicleweapons_vigilante.meta,weapon
/workspace/GTV_Meta_Files/vehicleweapons_volatol.meta,weapon
/workspace/GTV_Meta_Files/vehicleweapons_xmas17.meta,weapon
/workspace/GTV_Meta_Files/vehicleweapons_xmas18.meta,weapon
/workspace/GTV_Meta_Files/vfx.meta,misc
/workspace/GTV_Meta_Files/vfxvehicleinfo.meta,vehicle
/workspace/GTV_Meta_Files/weapon_acidpackage.meta,weapon
/workspace/GTV_Meta_Files/weapon_battlerifle.meta,weapon
/workspace/GTV_Meta_Files/weapon_briefcase3.meta,weapon
/workspace/GTV_Meta_Files/weapon_candycane.meta,weapon
/workspace/GTV_Meta_Files/weapon_ceramicpistol.meta,weapon
/workspace/GTV_Meta_Files/weapon_combatshotgun.meta,weapon
/workspace/GTV_Meta_Files/weapon_fertilizercan.meta,weapon
/workspace/GTV_Meta_Files/weapon_gadgetpistol.meta,weapon
/workspace/GTV_Meta_Files/weapon_hackingdevice.meta,weapon
/workspace/GTV_Meta_Files/weapon_hazardcan.meta,weapon
/workspace/GTV_Meta_Files/weapon_metaldetector.meta,weapon
/workspace/GTV_Meta_Files/weapon_militaryrifle.meta,weapon
/workspace/GTV_Meta_Files/weapon_navyrevolver.meta,weapon
/workspace/GTV_Meta_Files/weapon_pistolxm3.meta,weapon
/workspace/GTV_Meta_Files/weapon_precisionrifle.meta,weapon
/workspace/GTV_Meta_Files/weapon_railgunxm3.meta,weapon
/workspace/GTV_Meta_Files/weapon_snowlauncher.meta,weapon
/workspace/GTV_Meta_Files/weapon_strickler.meta,weapon
/workspace/GTV_Meta_Files/weapon_stungun_mp.meta,weapon
/workspace/GTV_Meta_Files/weapon_stunrod.meta,weapon
/workspace/GTV_Meta_Files/weapon_tacticalrifle.meta,weapon
/workspace/GTV_Meta_Files/weapon_tecpistol.meta,weapon
/workspace/GTV_Meta_Files/weapon_tranquilizer.meta,weapon
/workspace/GTV_Meta_Files/weaponairdefencegun.meta,weapon
/workspace/GTV_Meta_Files/weaponanimations.meta,weapon
/workspace/GTV_Meta_Files/weaponarchetypes.meta,weapon
/workspace/GTV_Meta_Files/weaponautoshotgun.meta,weapon
/workspace/GTV_Meta_Files/weaponbattleaxe.meta,weapon
/workspace/GTV_Meta_Files/weaponbottle.meta,weapon
/workspace/GTV_Meta_Files/weaponbullpuprifle.meta,weapon
/workspace/GTV_Meta_Files/weaponcannonblazer.meta,weapon
/workspace/GTV_Meta_Files/weaponcombatpdw.meta,weapon
/workspace/GTV_Meta_Files/weaponcompactlauncher.meta,weapon
/workspace/GTV_Meta_Files/weaponcompactrifle.meta,weapon
/workspace/GTV_Meta_Files/weaponcomponents.meta,weapon
/workspace/GTV_Meta_Files/weapondagger.meta,weapon
/workspace/GTV_Meta_Files/weapondbshotgun.meta,weapon
/workspace/GTV_Meta_Files/weaponfirework.meta,weapon
/workspace/GTV_Meta_Files/weaponflaregun.meta,weapon
/workspace/GTV_Meta_Files/weaponflashlight.meta,weapon
/workspace/GTV_Meta_Files/weapongarbagebag.meta,weapon
/workspace/GTV_Meta_Files/weapongusenberg.meta,weapon
/workspace/GTV_Meta_Files/weaponhandcuffs.meta,weapon
/workspace/GTV_Meta_Files/weaponhatchet.meta,weapon
/workspace/GTV_Meta_Files/weaponheavypistol.meta,weapon
/workspace/GTV_Meta_Files/weaponheavyshotgun.meta,weapon
/workspace/GTV_Meta_Files/weaponhominglauncher.meta,weapon
/workspace/GTV_Meta_Files/weaponknuckle.meta,weapon
/workspace/GTV_Meta_Files/weaponmachete.meta,weapon
/workspace/GTV_Meta_Files/weaponmachinepistol.meta,weapon
/workspace/GTV_Meta_Files/weaponmarksmanpistol.meta,weapon
/workspace/GTV_Meta_Files/weaponmarksmanrifle.meta,weapon
/workspace/GTV_Meta_Files/weaponminismg.meta,weapon
/workspace/GTV_Meta_Files/weaponmusket.meta,weapon
/workspace/GTV_Meta_Files/weaponpipebomb.meta,weapon
/workspace/GTV_Meta_Files/weaponpoolcue.meta,weapon
/workspace/GTV_Meta_Files/weaponproxmine.meta,weapon
/workspace/GTV_Meta_Files/weaponrailgun.meta,weapon
/workspace/GTV_Meta_Files/weaponrevolver.meta,weapon
/workspace/GTV_Meta_Files/weapons.meta,weapon
/workspace/GTV_Meta_Files/weapons_arena.meta,weapon
/workspace/GTV_Meta_Files/weapons_assaultrifle_mk2.meta,weapon
/workspace/GTV_Meta_Files/weapons_bullpuprifle_mk2.meta,weapon
/workspace/GTV_Meta_Files/weapons_carbinerifle_mk2.meta,weapon
/workspace/GTV_Meta_Files/weapons_combatmg_mk2.meta,weapon
/workspace/GTV_Meta_Files/weapons_doubleaction.meta,weapon
/workspace/GTV_Meta_Files/weapons_emplauncher.meta,weapon
/workspace/GTV_Meta_Files/weapons_heavyrifle.meta,weapon
/workspace/GTV_Meta_Files/weapons_heavysniper_mk2.meta,weapon
/workspace/GTV_Meta_Files/weapons_marksmanrifle_mk2.meta,weapon
/workspace/GTV_Meta_Files/weapons_pistol_mk2.meta,weapon
/workspace/GTV_Meta_Files/weapons_pumpshotgun_mk2.meta,weapon
/workspace/GTV_Meta_Files/weapons_revolver_mk2.meta,weapon
/workspace/GTV_Meta_Files/weapons_smg_mk2.meta,weapon
/workspace/GTV_Meta_Files/weapons_snspistol_mk2.meta,weapon
/workspace/GTV_Meta_Files/weapons_spacerangers.meta,weapon
/workspace/GTV_Meta_Files/weapons_specialcarbine_mk2.meta,weapon
/workspace/GTV_Meta_Files/weaponsnowball.meta,weapon
/workspace/GTV_Meta_Files/weaponsnspistol.meta,weapon
/workspace/GTV_Meta_Files/weaponspecialcarbine.meta,weapon
/workspace/GTV_Meta_Files/weaponstonehatchet.meta,weapon
/workspace/GTV_Meta_Files/weaponswitchblade.meta,weapon
/workspace/GTV_Meta_Files/weapontargetsequences.meta,weapon
/workspace/GTV_Meta_Files/weaponturretboxville.meta,weapon
/workspace/GTV_Meta_Files/weaponturretinsurgent.meta,weapon
/workspace/GTV_Meta_Files/weaponturretlimo.meta,weapon
/workspace/GTV_Meta_Files/weaponturrettechnical.meta,weapon
/workspace/GTV_Meta_Files/weaponturretvalkyrie.meta,weapon
/workspace/GTV_Meta_Files/weaponvehicleruiner.meta,weapon
/workspace/GTV_Meta_Files/weaponvehiclesavage.meta,weapon
/workspace/GTV_Meta_Files/weaponvintagepistol.meta,weapon
/workspace/GTV_Meta_Files/weaponwrench.meta,weapon
/workspace/GTV_Meta_Files/witnessinformation.meta,misc
/workspace/GTV_Meta_Files/zh.meta,misc
